method,rows,tp,tn,fp,fn,accuracy,precision,recall,f1,fpr
STATIC,1202,181.0,397.5,127.0,0.0,0.8199587232011185,0.5876623376623376,1.0,0.7402862985685071,0.24220133881558656
GOMES2017,1202,181.0,398.5,126.0,0.0,0.8213763710499283,0.5895765472312705,1.0,0.7418032786885248,0.24029424165955834
ARF_FIXED,1202,181.0,343.3333333333333,181.16666666666666,0.0,0.7431965148727925,0.49977983503480844,1.0,0.6664679922862776,0.3454534710171892
PROPOSED,1202,181.0,497.5,26.0,1.0,0.9617235080821274,0.8743961352657007,0.9945054945054941,0.9305912596401028,0.049679295166378444
